Portal,Portalsoftware,DS,Roh_pro_DS,Titel_Laenge,Beschreibung_DS,Beschreibung_DS_Anteil,Beschreibung_Laenge,Autor_einz,DS_Autor_valide,DS_Autor_valide_Anteil,Verwalter_einz,DS_Verwalter_valide,DS_Verwalter_valide_Anteil,URL_einz,DS_URL,DS_URL_Anteil,DS_geo,DS_geo_Anteil,DS_Erstelldatum,DS_Erstelldatum_Anteil,Erstelldatum_Zeitspanne,DS_Updatedatum,DS_Updatedatum_Anteil,Updatedatum_Zeitspanne,Updatedatum_ung_Erstelldatum,Updatedatum_ung_Erstelldatum_Anteil,Tags,Tags_einz,DS_mit_Tags,DS_mit_Tags_Anteil,Tags_pro_DS_Durchschnitt,Gruppen,Gruppen_einzig,DS_mit_Gruppen,DS_mit_Gruppen_Anteil,Gruppen_pro_DS_Durchschnitt,Lizenzen_einz,Lizenzen_offen_Anteil,DS_mit_Lizenz,DS_mit_Lizenz_Anteil,DS_mit_Lizenz_offen,DS_mit_Lizenz_offen_Anteil,Roh,Link_intern_Anteil,online,online_Anteil,offline,offline_Anteil,Name_Anteil,Name_einz,Name_einz_Laenge,DS_Name_einz_Anteil,valid_0,valid_0_Anteil,valid_1,valid_1_Anteil,valid_2,valid_2_Anteil,valid_3,valid_3_Anteil,valid_4,valid_4_Anteil,valid_5,valid_5_Anteil,Beschreibung_Roh,Beschreibung_Roh_Anteil,Beschreibung_Roh_Laenge,Fehler_Durchschnitt,Fehler_pro_Roh_Durchschnitt,Dateityp_einz,Dateityp_gegeben_Anteil,DateitypReal_einz,DateitypReal_gegeben_Anteil,DateitypReal_einz_DS_Durchschnitt,Roh_ML,Roh_ML_Anteil,Roh_offen,Roh_offen_Anteil,Roh_Erstelldatum,Roh_Erstelldatum_Anteil,Roh_Erstelldatum_Zeitspanne,Roh_Updatedatum,Roh_Updatedatum_Anteil,Roh_Updatedatum_Zeitspanne,Roh_Updatedatum_ung_Erstelldatum,Roh_Updatedatum_ung_Erstelldatum_Anteil,Roh_validierbar,Roh_validierbar_Anteil,Fehler_validierbar_Durchschnitt,Roh_Fehler_Zelle,Roh_Fehler_Zelle_Anteil,Roh_Fehler_Reihe,Roh_Fehler_Reihe_Anteil,Roh_Fehler_Label,Roh_Fehler_Label_Anteil,Fehler_Zelle,Fehler_Zelle_Anteil,Fehler_Reihe,Fehler_Reihe_Anteil,Fehler_Label,Fehler_Label_Anteil,Dateigroesse_Durchschnitt,Dateigroesse_min,Dateigroesse_max,Dateigroesse_Summe,gen_titel,gen_beschreibung,gen_tags,gen_geodaten,gen_metaValidität,gen_score,gen_gewScore,vollst_gewVollst,vollst_rohZelle,vollst_rohReihe,vollst_rohLabel,vollst_score,vollst_gewScore,akt_updates,akt_erstellt,akt_neueDaten,akt_alterDaten,akt_score,akt_gewScore,abr_linkOnline,abr_linkIntern,abr_score,abr_gewScore,off_dfML,off_dfOffen,off_lizenzOffen,off_score,off_gewScore,kon_autorValide,kon_verwalterValide,kon_score,kon_gewScore,rue_quelle,rue_score,rue_gewScore,val_rdLesbar,val_rdValide,val_score,val_gewScore,div_durchEndp,div_stdevEndp,div_durchDF,div_stdevDF,div_durchTags,div_stdevTags,div_anteilOrg,div_stdevOrg,div_score,div_gewScore,portalEbene_neueDaten,portalEbene_durchEndp,portalEbene_stdevEndp,portalEbene_durchDF,portalEbene_stdevDF,portalEbene_durchTags,portalEbene_stdevTags,portalEbene_anteilOrg,portalEbene_stdevOrg,portalEbene_linkOnline,portalEbene_score,metaEbene_metaValidität,metaEbene_geodaten,metaEbene_titel,metaEbene_beschreibung,metaEbene_tags,metaEbene_gewVollst,metaEbene_updates,metaEbene_erstellt,metaEbene_alterDaten,metaEbene_linkIntern,metaEbene_linkOnline,metaEbene_lizenzOffen,metaEbene_autorValide,metaEbene_verwalterValide,metaEbene_quelle,metaEbene_score,rohEbene_rohZelle,rohEbene_rohReihe,rohEbene_rohLabel,rohEbene_dfML,rohEbene_dfOffen,rohEbene_rdLesbar,rohEbene_rdValide,rohEbene_score,gesamt_score,gesamt_score_ebenen
9,2,146591,1.6507766506811468,59.07123220388701,92770,0.6328492199384682,266.72764902446914,1,146591,1.0,1,146591,1.0,125,88834,0.6059990040316254,0,0.0,146576,0.9998976744820623,0,146576,0.9998976744820623,0,37272,0.25425844697150574,600364,41531,139096,0.9488713495371476,4.095503816741819,227630,14,146464,0.9991336439481278,1.5528238432100196,2,1.0,146514,0.99947472900792,146514,0.99947472900792,241989,0.027092140551843266,222382,0.9189756559182443,19607,0.08102434408175578,1.0,61481,247.01348314606741,0.25406526742951124,2744,0.011339358400588457,3607,0.014905636206604433,235351,0.9725690010702965,140,0.0005785386939075743,0,0.0,147,0.0006074656286029531,0,0.0,0,33.17119073470865,33.17119073470865,1,1.2397257726590878e-05,24,0.9190211125299084,1.3407093458008754,16693,0.06898247440999385,205236,0.8481211955915352,241989,1.0,0,0,0.0,0,0,0.0,6475,0.026757414593225313,14.178836633663366,10,0.0015444015444015444,2596,0.40092664092664093,2618,0.4043243243243243,218,0,52555,0,23399,0,5394191.016651529,237,507275545,35634025856,4,1.8985476598154047,0.9488713495371476,0,0.3211998008063251,7.168618810158877,7.168618810158877,5.731759453172432,0.9963807455664133,0.060441549040897574,0.05247918928700688,6.841060937066749,6.841060937066749,2.999693023446187,2.999693023446187,2,0.30240601401177425,8.301792060904148,5.811254442632904,8.270780903264198,0.027092140551843266,8.297873043816042,8.297873043816042,0.2759298976399754,1.6962423911830704,3.99789891603168,5.970071204854726,4.776056963883781,2.5,2.5,5.0,1.5,0.001023255179376633,0.001023255179376633,0.00030697655381298986,4.942000602591142,2.7877372702621273,7.729737872853269,7.729737872853269,0,1,0,1,2,0,0,0.5,4.5,2.25,2,0,1,0,1,2,0,0,0.5,8.270780903264198,14.770780903264198,0.3211998008063251,0,4,1.8985476598154047,0.9488713495371476,5.731759453172432,2.999693023446187,2.999693023446187,0.30240601401177425,0.027092140551843266,8.270780903264198,3.99789891603168,2.5,2.5,0.001023255179376633,36.49896553926256,0.9963807455664133,0.060441549040897574,0.05247918928700688,0.2759298976399754,1.6962423911830704,4.942000602591142,2.7877372702621273,10.811211645570634,44.37490904696544,62.08095808809739
22,2,43,4.209302325581396,22.093023255813954,43,1.0,162.62790697674419,12,0,0.0,12,43,1.0,0,0,0.0,0,0.0,43,1.0,0,43,1.0,0,41,0.9534883720930233,156,70,42,0.9767441860465116,3.627906976744186,43,2,43,1.0,1.0,6,0.8333333333333334,43,1.0,41,0.9534883720930233,181,0.9502762430939227,110,0.6077348066298343,71,0.39226519337016574,0.994475138121547,166,33.30555555555556,0.9171270718232044,24,0.13259668508287292,17,0.09392265193370165,140,0.7734806629834254,0,0.0,0,0.0,0,0.0,129,0.712707182320442,157.08527131782947,73.75,73.75,0,0.0,5,0.6077348066298343,1.28125,41,0.2265193370165746,104,0.574585635359116,181,1.0,0,0,0.0,0,0,0.0,41,0.2265193370165746,43.170731707317074,0,0.0,0,0.0,3,0.07317073170731707,0,0.0,0,0.0,22,0.012429378531073447,1863275.1219512196,5145,34695918,76394280,4,3,0.9767441860465116,0,0.3,8.276744186046512,8.276744186046512,6.609302325581396,1,1,0.875,9.484302325581396,9.484302325581396,3,3,2,0.09302325581395349,8.093023255813954,5.665116279069768,5.469613259668508,0.9502762430939227,6.41988950276243,6.41988950276243,0.9060773480662984,1.149171270718232,3.813953488372093,5.869202107156624,4.695361685725299,5,2.5,7.5,2.25,10,10,3.0,5,2.073170731707317,7.073170731707317,7.073170731707317,2,1,0,1,2,1,0.5,0.5,8.0,4.0,2,2,1,0,1,2,1,0.5,0.5,5.469613259668508,15.469613259668508,0.3,0,4,3,0.9767441860465116,6.609302325581396,3,3,0.09302325581395349,0.9502762430939227,5.469613259668508,3.813953488372093,5,2.5,10,48.71291275857639,1,1,0.875,0.9060773480662984,1.149171270718232,5,2.073170731707317,12.003419350491846,50.86458471089272,76.18594536873674
24,2,4824,4.58271144278607,38.79601990049751,4762,0.9871475953565506,65.43721125577488,58,0,0.0,58,2070,0.4291044776119403,0,0,0.0,0,0.0,4824,1.0,0,4824,1.0,0,3187,0.6606550580431177,27081,2513,4405,0.9131426202321725,5.6138059701492535,9646,2,4823,0.9997927031509121,1.9995854063018241,6,0.6666666666666666,4824,1.0,4819,0.9989635157545605,22107,0.0,18670,0.8445288822544895,3437,0.15547111774551048,1.0,6,19.5,0.0002714072465734835,0,0.0,0,0.0,22107,1.0,0,0.0,0,0.0,0,0.0,22107,1.0,70.91260686660334,0,0,0,0.0,2,0.8445288822544895,2,0,0.0,13689,0.6192156330574027,22107,1.0,0,0,0.0,0,0,0.0,0,0.0,0,0,0,0,0,0,0,0,0,0,0,0,0,0,0,0,0,4,2.961442786069652,0.9131426202321725,0,0.35708955223880595,8.23167495854063,8.23167495854063,6.413401741293532,0,0,0,6.413401741293532,6.413401741293532,3,3,2,0.148424543946932,8.148424543946932,5.703897180762852,7.600759940290406,0,7.600759940290406,7.600759940290406,0,1.2384312661148054,3.995854063018242,5.234285329133048,4.187428263306439,5,3.9272388059701493,8.927238805970148,2.6781716417910446,10,10,3.0,0,0,0,0,2,1,2,1,2,0,0.5,0,8.5,4.25,2,2,1,2,1,2,0,0.5,0,7.600759940290406,18.100759940290406,0.35708955223880595,0,4,2.961442786069652,0.9131426202321725,6.413401741293532,3,3,0.148424543946932,0,7.600759940290406,3.995854063018242,5,3.9272388059701493,10,51.31735405305989,0,0,0,0,1.2384312661148054,0,0,1.2384312661148054,42.06533372598491,70.6565452594651
57,4,295,8.891525423728813,29.24406779661017,295,1.0,675.3525423728813,3,295,1.0,3,0,0.0,295,295,1.0,0,0.0,295,1.0,0,295,1.0,0,234,0.7932203389830509,388,13,294,0.9966101694915255,1.3152542372881355,291,13,291,0.9864406779661017,0.9864406779661017,3,1.0,293,0.9932203389830508,293,0.9932203389830508,2623,0.8250095310712924,2544,0.9698818147159741,79,0.030118185284025923,1.0,1825,45.91139240506329,0.6957682043461685,160,0.06099885627144491,1912,0.7289363324437667,535,0.20396492565764393,0,0.0,0,0.0,16,0.006099885627144491,1153,0.4395730080060999,92.95403295750216,133.3926380368098,133.3926380368098,0,0.0,13,0.9710255432710637,1.5467625899280575,2120,0.808234845596645,2516,0.9592070148684713,2623,1.0,0,2623,1.0,0,1076,0.410217308425467,2082,0.7937476172321769,10.45839345839346,16,0.007684918347742555,48,0.023054755043227664,42,0.020172910662824207,7387,0,1483,0,123,0,242527.4404990403,29,15042751,505427186,4,3,0.9966101694915255,0,0.5,8.496610169491525,8.496610169491525,6.291694915254237,0.901840490797546,0.7055214723926381,0.7423312883435583,8.64138816678798,8.64138816678798,3,3,2,0.1288135593220339,8.128813559322033,5.690169491525423,8.728936332443766,0.8250095310712924,9.553945863515057,9.553945863515057,3.23293938238658,1.9184140297369425,3.9728813559322034,9.124234768055727,7.299387814444582,2.5,5,7.5,2.25,0,0,0.0,5,4.588122605363985,9.588122605363985,9.588122605363985,2,0,0,1,0,0,0,0,3,1.5,2,2,0,0,1,0,0,0,0,8.728936332443766,13.728936332443766,0.5,0,4,3,0.9966101694915255,6.291694915254237,3,3,0.1288135593220339,0.8250095310712924,8.728936332443766,3.9728813559322034,2.5,5,0,41.943945863515054,0.901840490797546,0.7055214723926381,0.7423312883435583,3.23293938238658,1.9184140297369425,5,4.588122605363985,17.089169269021248,53.01962411112856,72.76205146498006
58,2,83,4.168674698795181,33.06024096385542,83,1.0,297.04819277108436,20,11,0.13253012048192772,20,3,0.03614457831325301,22,47,0.5662650602409639,0,0.0,83,1.0,0,83,1.0,0,67,0.8072289156626506,233,134,77,0.927710843373494,2.8072289156626504,122,13,81,0.9759036144578314,1.4698795180722892,2,1.0,83,1.0,83,1.0,346,0.684971098265896,333,0.9624277456647399,13,0.03757225433526012,0.9566473988439307,312,35.06382978723404,0.9017341040462428,56,0.16184971098265896,95,0.2745664739884393,181,0.523121387283237,14,0.04046242774566474,0,0.0,0,0.0,203,0.5867052023121387,61.93103448275862,56.589285714285715,56.589285714285715,0,0.0,11,0.9624277456647399,2,189,0.546242774566474,250,0.7225433526011561,346,1.0,0,226,0.653179190751445,0,8,0.023121387283236993,151,0.43641618497109824,20.986754966887418,0,0.0,24,0.15894039735099338,37,0.24503311258278146,0,0.0,1222,0.38561060271378983,235,0.07415588513726727,437593.78106508875,95,8925712,73953349,4,3,0.927710843373494,0,0.46987951807228917,8.397590361445783,8.397590361445783,6.557228915662651,1,0.5714285714285714,0.3392857142857143,8.467943201376936,8.467943201376936,3,3,2,0.9156626506024096,8.91566265060241,6.240963855421687,8.66184971098266,0.684971098265896,9.346820809248555,9.346820809248555,2.184971098265896,1.4450867052023122,4,7.630057803468208,6.104046242774567,4.668674698795181,4.909638554216867,9.578313253012048,2.873493975903614,10,10,3.0,5,2.878787878787879,7.878787878787879,7.878787878787879,2,1,2,1,2,1,0.5,0.5,10.0,5.0,2,2,1,2,1,2,1,0.5,0.5,8.66184971098266,20.661849710982658,0.46987951807228917,0,4,3,0.927710843373494,6.557228915662651,3,3,0.9156626506024096,0.684971098265896,8.66184971098266,4,4.668674698795181,4.909638554216867,10,54.79561598997145,1,0.5714285714285714,0.3392857142857143,2.184971098265896,1.4450867052023122,5,2.878787878787879,13.419559967970372,57.30964632495902,88.87702566892449
59,4,386,11.303108808290155,42.29274611398964,386,1.0,256.1839378238342,2,385,0.9974093264248705,2,0,0.0,386,386,1.0,0,0.0,386,1.0,0,386,1.0,0,288,0.7461139896373057,367,5,367,0.9507772020725389,0.9507772020725389,379,23,379,0.9818652849740933,0.9818652849740933,3,0.6666666666666666,379,0.9818652849740933,378,0.9792746113989638,4363,0.8150355260142104,4339,0.9944991977996791,24,0.0055008022003208805,1.0,4097,52.36231884057971,0.9390327756131103,1185,0.27160210864084344,2823,0.6470318588127435,320,0.07334402933761174,1,0.00022920009168003668,0,0.0,34,0.007792803117121247,4362,0.99977079990832,213.59995414947272,222.49833610648918,222.49833610648918,0,0.0,8,0.9995415998166399,1.1036269430051813,4321,0.9903735961494384,4337,0.994040797616319,4363,1.0,0,4363,1.0,0,1104,0.25303690121476047,4049,0.9280311712124685,66.41246585547555,229,0.05655717461101507,227,0.05606322548777476,506,0.12496912817979748,226224,0,227,0,513,0,71912.75105276195,45,8148275,290311776,4,3,0.9507772020725389,0,0.5002590673575129,8.451036269430052,8.451036269430052,6.241968911917098,0.8094841930116472,0.8111480865224625,0.5790349417637272,8.441636133214935,8.441636133214935,3,3,2,0.48704663212435234,8.487046632124352,5.940932642487046,8.950492780197113,0.8150355260142104,9.765528306211323,9.765528306211323,3.9614943845977537,1.988081595232638,3.917098445595855,9.866674425426247,7.893339540340998,2.506476683937824,5,7.506476683937824,2.251943005181347,0,0,0.0,4.99876329458323,3.493692802374474,8.492456096957705,8.492456096957705,2,1,0,1,0,0,0,0,4,2.0,2,2,1,0,1,0,0,0,0,8.950492780197113,14.950492780197113,0.5002590673575129,0,4,3,0.9507772020725389,6.241968911917098,3,3,0.48704663212435234,0.8150355260142104,8.950492780197113,3.917098445595855,2.506476683937824,5,0,42.36915524921651,0.8094841930116472,0.8111480865224625,0.5790349417637272,3.9614943845977537,1.988081595232638,4.99876329458323,3.493692802374474,16.641699298085936,53.2368719938234,73.96134732749955
61,2,139,3.431654676258993,57.2589928057554,139,1.0,141.97841726618705,4,111,0.7985611510791367,4,15,0.1079136690647482,42,138,0.9928057553956835,0,0.0,139,1.0,0,139,1.0,0,123,0.8848920863309353,141,8,139,1.0,1.014388489208633,0,0,0,0.0,0.0,1,1.0,139,1.0,139,1.0,477,1.0,477,1.0,0,0.0,1.0,415,62.31884057971015,0.870020964360587,174,0.36477987421383645,22,0.04612159329140461,199,0.4171907756813417,82,0.1719077568134172,0,0.0,0,0.0,477,1.0,105.79454926624737,66.5,66.5,0,0.0,6,1.0,2.8345323741007196,280,0.5870020964360587,337,0.7064989517819706,477,1.0,0,459,0.9622641509433962,0,69,0.14465408805031446,196,0.4109014675052411,59.035714285714285,3,0.015306122448979591,165,0.8418367346938775,169,0.8622448979591837,68,0.005876760867686457,6065,0.5241552156252701,2727,0.23567539538501425,337918.72302158276,447,43911489,93941405,4,3,1,0,0.5064748201438849,8.506474820143884,8.506474820143884,6.282374100719425,0.9827586206896551,0.05172413793103448,0.028735632183908046,7.345592491524022,7.345592491524022,3,3,2,0,8,5.6,9,1,10,10,2.348008385744235,1.4129979035639413,4,7.761006289308176,6.208805031446541,3.0035971223021583,4.73021582733813,7.7338129496402885,2.3201438848920866,10,10,3.0,5,0.39568345323741005,5.39568345323741,5.39568345323741,2,1,2,1,0,0,0,0.5,6.5,3.25,2,2,1,2,1,0,0,0,0.5,9,17.5,0.5064748201438849,0,4,3,1,6.282374100719425,3,3,0,1,9,4,3.0035971223021583,4.73021582733813,10,52.5226618705036,0.9827586206896551,0.05172413793103448,0.028735632183908046,2.348008385744235,1.4129979035639413,5,0.39568345323741005,10.219908133350184,51.62669968124395,80.24257000385379
62,2,4345,5.390563866513234,51.87963176064442,4323,0.9949367088607595,567.3634050427944,104,2076,0.47779056386651325,104,2218,0.5104718066743383,2463,3102,0.7139240506329114,0,0.0,4345,1.0,0,4345,1.0,0,2811,0.6469505178365937,18487,4561,4205,0.9677790563866513,4.254775604142693,5319,14,3688,0.8487917146144994,1.2241657077100114,30,0.9333333333333333,4015,0.9240506329113924,4002,0.9210586881472957,23422,0.001238152164631543,17197,0.734224233626505,6225,0.265775766373495,0.15464093587225686,2772,93.96825396825396,0.11835026897788405,2729,0.11651438818205107,7458,0.3184185808214499,12349,0.527239347621894,108,0.004611049440696781,2,8.538980445734779e-05,776,0.03313124412945094,19926,0.8507386218085561,127.76001204456489,135.26967509025272,135.26967509025272,0,0.0,50,0.7381094697293143,1.452697798209533,12041,0.5140893177354624,15738,0.6719323712748698,23422,1.0,0,1321,0.05639996584407822,0,165,0.007044658867731193,10341,0.44150798394671675,36.55580487804878,302,0.029204138864713278,973,0.09409148051445701,1617,0.1563678561067595,255219,0,18907,0,14409,0,223032.48898720785,3,115751976,2318868788,4,2.9848101265822784,0.9677790563866513,0,0.4389873417721519,8.391576524741081,8.391576524741081,6.4598158803222105,0.8909747292418773,0.6487364620938628,0.4162454873646209,8.415772559022573,8.415772559022573,3,3,2,0.6098964326812428,8.609896432681243,6.02692750287687,6.608018102638545,0.001238152164631543,6.609256254803177,6.609256254803177,2.0563572709418496,1.3438647425497396,3.684234752589183,7.0844567660807725,5.667565412864619,3.805523590333717,3.7238204833141544,7.529344073647872,2.2588032220943615,9.995397008055235,9.995397008055235,2.9986191024165705,4.997742255937867,3.3775851169511424,8.375327372889009,8.375327372889009,2,1,0,1,2,0,0,0,6,3.0,2,2,1,0,1,2,0,0,0,6.608018102638545,14.608018102638546,0.4389873417721519,0,4,2.9848101265822784,0.9677790563866513,6.4598158803222105,3,3,0.6098964326812428,0.001238152164631543,6.608018102638545,3.684234752589183,3.805523590333717,3.7238204833141544,9.995397008055235,49.27952092684001,0.8909747292418773,0.6487364620938628,0.4162454873646209,2.0563572709418496,1.3438647425497396,4.997742255937867,3.3775851169511424,13.73150606508096,51.74384795170826,77.61904509455951
63,4,64,4.734375,23.890625,64,1.0,510.359375,2,63,0.984375,2,0,0.0,64,64,1.0,0,0.0,64,1.0,0,64,1.0,0,0,0.0,86,11,64,1.0,1.34375,64,9,64,1.0,1.0,3,1.0,64,1.0,64,1.0,303,0.4884488448844885,303,1.0,0,0.0,1.0,288,38.763636363636365,0.9504950495049505,30,0.09900990099009901,70,0.23102310231023102,203,0.66996699669967,0,0.0,0,0.0,0,0.0,95,0.31353135313531355,80.32631578947368,19.5,19.5,0,0.0,10,1.0,1.875,101,0.3333333333333333,286,0.9438943894389439,303,1.0,0,303,1.0,0,160,0.528052805280528,100,0.33003300330033003,5.85,1,0.01,15,0.15,14,0.14,6,0.010256410256410256,390,0.6666666666666666,86,0.147008547008547,201003.67,57,13497547,20100367,4,3,1,0,0.5015625,8.5015625,8.5015625,6.3,0.9666666666666667,0.5,0.5333333333333333,8.3,8.3,3,3,2,2,10,7.0,9,0.4884488448844885,9.488448844884488,9.488448844884488,1.3333333333333333,1.8877887788778878,4,7.221122112211221,5.776897689768977,2.5390625,5,7.5390625,2.26171875,0,0,0.0,5,3.5,8.5,8.5,2,1,0,1,0,1,0,0,5,2.5,2,2,1,0,1,0,1,0,0,9,16,0.5015625,0,4,3,1,6.3,3,3,2,0.4884488448844885,9,4,2.5390625,5,0,43.82907384488449,0.9666666666666667,0.5,0.5333333333333333,1.3333333333333333,1.8877887788778878,5,3.5,13.721122112211221,52.32862778465347,73.55019595709571
66,4,315,2.4,32.98095238095238,315,1.0,265.03809523809525,5,2,0.006349206349206349,5,0,0.0,315,315,1.0,0,0.0,315,1.0,0,315,1.0,0,302,0.9587301587301588,572,14,313,0.9936507936507937,1.8158730158730159,313,12,313,0.9936507936507937,0.9936507936507937,4,1.0,275,0.873015873015873,275,0.873015873015873,756,0.5,679,0.8981481481481481,77,0.10185185185185185,1.0,638,36.345454545454544,0.843915343915344,143,0.18915343915343916,100,0.13227513227513227,483,0.6388888888888888,6,0.007936507936507936,0,0.0,24,0.031746031746031744,201,0.26587301587301587,127.26865671641791,179.31944444444446,179.31944444444446,0,0.0,16,0.9695767195767195,1.1912350597609562,279,0.36904761904761907,583,0.7711640211640212,756,1.0,0,756,1.0,0,298,0.3941798941798942,307,0.4060846560846561,102.06324110671937,15,0.048859934853420196,47,0.15309446254071662,107,0.3485342019543974,13089,0,965,0,1136,0,1351186.5350553505,3,55397215,366171551,4,3,0.9936507936507937,0,0.5993650793650793,8.593015873015872,8.593015873015872,6.291111111111111,0.8958333333333334,0.6736111111111112,0.2569444444444444,8.1175,8.1175,3,3,2,0.22857142857142856,8.228571428571428,5.759999999999999,8.083333333333334,0.5,8.583333333333334,8.583333333333334,1.4761904761904763,1.5423280423280423,3.492063492063492,6.510582010582011,5.208465608465609,4.984126984126984,5,9.984126984126984,2.9952380952380953,0,0,0.0,4.981684981684982,1.9963369963369964,6.978021978021978,6.978021978021978,2,1,0,1,0,0,0,0,4,2.0,2,2,1,0,1,0,0,0,0,8.083333333333334,14.083333333333334,0.5993650793650793,0,4,3,0.9936507936507937,6.291111111111111,3,3,0.22857142857142856,0.5,8.083333333333334,3.492063492063492,4.984126984126984,5,0,43.17222222222222,0.8958333333333334,0.6736111111111112,0.2569444444444444,1.4761904761904763,1.5423280423280423,4.981684981684982,1.9963369963369964,11.822929385429386,48.235574888074886,69.07848494098494
70,4,261,7.1226053639846745,55.31417624521073,261,1.0,1513.9233716475096,2,1,0.0038314176245210726,2,0,0.0,261,261,1.0,0,0.0,261,1.0,0,261,1.0,0,252,0.9655172413793104,381,13,260,0.9961685823754789,1.4597701149425288,256,5,256,0.9808429118773946,0.9808429118773946,3,1.0,260,0.9961685823754789,260,0.9961685823754789,1859,0.9435180204410973,1851,0.9956966110812264,8,0.004303388918773534,1.0,1058,57.645161290322584,0.5691231845077999,82,0.04410973641742873,1346,0.7240451855836472,428,0.23023130715438409,1,0.0005379236148466917,0,0.0,2,0.0010758472296933835,1859,1.0,132.73480365788058,16.341463414634145,16.341463414634145,0,0.0,10,0.9994620763851533,2.4108527131782944,1597,0.8590640129101668,1731,0.9311457772996234,1859,1.0,0,1859,1.0,0,1327,0.71382463690156,1436,0.7724583109198494,0.9377186843946816,1,0.0006963788300835655,19,0.013231197771587743,0,0.0,1,0,84,0,0,0,65993.22253324003,57,3433600,94304315,4,3,0.9961685823754789,0,0.5996168582375478,8.595785440613026,8.595785440613026,6.279885057471264,0.9878048780487805,0.7682926829268293,1,9.035982618446873,9.035982618446873,3,3,2,0.5670498084291188,8.567049808429118,5.996934865900382,8.961269499731038,0.9435180204410973,9.904787520172135,9.904787520172135,3.436256051640667,1.862291554599247,3.9846743295019156,9.28322193574183,7.426577548593464,4.990421455938697,5,9.990421455938698,2.9971264367816093,0,0,0.0,4.996505939902167,4.70649895178197,9.703004891684138,9.703004891684138,2,0,2,1,0,0,0,0,5,2.5,2,2,0,2,1,0,0,0,0,8.961269499731038,15.961269499731038,0.5996168582375478,0,4,3,0.9961685823754789,6.279885057471264,3,3,0.5670498084291188,0.9435180204410973,8.961269499731038,3.9846743295019156,4.990421455938697,5,0,45.32260361212615,0.9878048780487805,0.7682926829268293,1,3.436256051640667,1.862291554599247,4.996505939902167,4.70649895178197,17.75765005889966,56.16019932219162,79.04152317075685
72,4,40,4.825,25.8,40,1.0,366.95,2,6,0.15,2,0,0.0,40,40,1.0,0,0.0,40,1.0,0,40,1.0,0,0,0.0,58,12,40,1.0,1.45,0,0,0,0.0,0.0,1,1.0,40,1.0,40,1.0,193,0.9585492227979274,191,0.9896373056994818,2,0.010362694300518135,1.0,186,56,0.9637305699481865,2,0.010362694300518135,169,0.8756476683937824,21,0.10880829015544041,1,0.0051813471502590676,0,0.0,0,0.0,193,1.0,444.13471502590676,8.5,8.5,0,0.0,6,0.9896373056994818,1.1818181818181819,174,0.9015544041450777,185,0.9585492227979274,193,1.0,0,193,1.0,0,169,0.8756476683937824,171,0.8860103626943006,0.09941520467836257,0,0.0,1,0.005847953216374269,0,0.0,0,0.0,4,0.23529411764705882,0,0.0,14747.261627906977,214,290363,2536529,4,3,1,0,0.585,8.585,8.585,5.95,1,0.5,1,8.45,8.45,3,3,2,2,10,7.0,8.906735751295336,0.9585492227979274,9.865284974093264,9.865284974093264,3.606217616580311,1.9170984455958548,4,9.523316062176166,7.618652849740933,4.625,5,9.625,2.8874999999999997,0,0,0.0,5,4.912790697674419,9.912790697674419,9.912790697674419,2,0,0,1,0,1,0,0,4,2.0,2,2,0,0,1,0,1,0,0,8.906735751295336,14.906735751295336,0.585,0,4,3,1,5.95,3,3,2,0.9585492227979274,8.906735751295336,4,4.625,5,0,46.02528497409327,1,0.5,1,3.606217616580311,1.9170984455958548,5,4.912790697674419,17.936106759850585,56.31922852150862,78.8681274852392
73,4,71,2.0,45.54929577464789,71,1.0,666.2816901408451,10,63,0.8873239436619719,10,0,0.0,71,71,1.0,0,0.0,71,1.0,0,71,1.0,0,70,0.9859154929577465,127,12,70,0.9859154929577465,1.7887323943661972,57,1,57,0.8028169014084507,0.8028169014084507,1,1.0,71,1.0,71,1.0,142,0.5492957746478874,141,0.9929577464788732,1,0.007042253521126761,1.0,138,30.8125,0.971830985915493,4,0.028169014084507043,69,0.4859154929577465,68,0.4788732394366197,1,0.007042253521126761,0,0.0,0,0.0,140,0.9859154929577465,414.3357142857143,4.75,4.75,0,0.0,7,0.9929577464788732,1.5285714285714285,78,0.5492957746478874,140,0.9859154929577465,142,1.0,0,142,1.0,0,126,0.8873239436619719,73,0.5140845070422535,0.2602739726027397,1,0.0136986301369863,1,0.0136986301369863,1,0.0136986301369863,1,0.05263157894736842,1,0.05263157894736842,10,0.5263157894736842,142073.63513513515,473,5532271,10513449,4,3,0.9859154929577465,0,0.5112676056338028,8.497183098591549,8.497183098591549,6.216197183098592,0.75,0.75,0.75,8.466197183098592,8.466197183098592,3,3,2,0.028169014084507043,8.028169014084508,5.619718309859155,8.93661971830986,0.5492957746478874,9.485915492957748,9.485915492957748,2.1971830985915495,1.971830985915493,4,8.169014084507042,6.535211267605634,2.7816901408450705,5,7.78169014084507,2.334507042253521,0,0,0.0,5,4.662162162162162,9.662162162162161,9.662162162162161,2,1,0,1,0,0,0,0,4,2.0,2,2,1,0,1,0,0,0,0,8.93661971830986,14.93661971830986,0.5112676056338028,0,4,3,0.9859154929577465,6.216197183098592,3,3,0.028169014084507043,0.5492957746478874,8.93661971830986,4,2.7816901408450705,5,0,42.00915492957747,0.75,0.75,0.75,2.1971830985915495,1.971830985915493,5,4.662162162162162,16.081176246669205,52.60089455652836,73.02695089455653
74,2,705,2.580141843971631,113.2709219858156,251,0.35602836879432626,146.6374501992032,8,54,0.07659574468085106,8,62,0.08794326241134752,67,166,0.23546099290780143,0,0.0,705,1.0,0,705,1.0,0,541,0.7673758865248227,318,145,156,0.22127659574468084,0.451063829787234,146,7,123,0.17446808510638298,0.20709219858156028,1,1.0,696,0.9872340425531915,696,0.9872340425531915,1819,0.8493677844969764,1811,0.9956019791094007,8,0.0043980208905992305,0.8658603628367235,1548,32.333333333333336,0.8510170423309511,100,0.05497526113249038,104,0.057174271577789995,1565,0.8603628367234745,3,0.0016492578339747114,0,0.0,47,0.02583837273227048,259,0.1423859263331501,59.69498069498069,465.3037037037037,465.3037037037037,0,0.0,17,0.9972512369433755,1.1761363636363635,254,0.13963716327652556,285,0.15667949422759758,1819,1.0,0,0,0.0,0,0,0.0,251,0.13798790544255085,253.29032258064515,101,0.40239043824701193,0,0.0,10,0.0398406374501992,54248,0,0,0,10,0,545357.9724409449,2,9463390,138520925,4,1.0680851063829788,0.22127659574468084,0,0.3948936170212766,5.684255319148936,5.684255319148936,4.641843971631205,0.2518518518518518,1,0.9259259259259259,6.819621749408983,6.819621749408983,3,3,2,0.02269503546099291,8.022695035460993,5.615886524822694,8.960417811984607,0.8493677844969764,9.809785596481584,9.809785596481584,0.5585486531061022,0.31335898845519516,3.948936170212766,4.820843811774063,3.8566750494192505,4.808510638297872,4.780141843971631,9.588652482269502,2.8765957446808508,10,10,3.0,4.940944881889764,2.2244094488188977,7.165354330708661,7.165354330708661,2,1,0,1,0,1,0.5,0,5.5,2.75,2,2,1,0,1,0,1,0.5,0,8.960417811984607,16.460417811984605,0.3948936170212766,0,4,1.0680851063829788,0.22127659574468084,4.641843971631205,3,3,0.02269503546099291,0.8493677844969764,8.960417811984607,3.948936170212766,4.808510638297872,4.780141843971631,10,49.69616857520498,0.2518518518518518,1,0.9259259259259259,0.5585486531061022,0.31335898845519516,4.940944881889764,2.2244094488188977,10.215039750047737,47.57817431467096,76.37162613723731
75,2,41,3.6097560975609757,28.73170731707317,41,1.0,157.73170731707316,3,0,0.0,3,35,0.8536585365853658,3,7,0.17073170731707318,0,0.0,41,1.0,0,41,1.0,0,40,0.975609756097561,106,68,41,1.0,2.5853658536585367,52,11,38,0.926829268292683,1.2682926829268293,3,1.0,41,1.0,41,1.0,148,0.9932432432432432,147,0.9932432432432432,1,0.006756756756756757,0.6081081081081081,81,36.6875,0.5472972972972973,46,0.3108108108108108,74,0.5,26,0.17567567567567569,0,0.0,0,0.0,2,0.013513513513513514,131,0.8851351351351351,53.19847328244275,1.108695652173913,1.108695652173913,0,0.0,7,1.0,1.2926829268292683,129,0.8716216216216216,146,0.9864864864864865,148,1.0,0,0,0.0,0,0,0.0,121,0.8175675675675675,0.425,0,0.0,0,0.0,46,0.38016528925619836,0,0,0,0,46,0,32742.43442622951,85,2647649,3994577,4,3,1,0,0.3439024390243902,8.34390243902439,8.34390243902439,6.282926829268293,1,1,0,8.282926829268293,8.282926829268293,3,3,2,0,8,5.6,8.93918918918919,0.9932432432432432,9.932432432432433,9.932432432432433,3.4864864864864864,1.972972972972973,4,9.45945945945946,7.567567567567568,5,2.8658536585365852,7.865853658536585,2.3597560975609753,10,10,3.0,5,3.0327868852459017,8.032786885245901,8.032786885245901,2,1,0,1,2,1,0.5,0,7.5,3.75,2,2,1,0,1,2,1,0.5,0,8.93918918918919,18.43918918918919,0.3439024390243902,0,4,3,1,6.282926829268293,3,3,0,0.9932432432432432,8.93918918918919,4,5,2.8658536585365852,10,52.4251153592617,1,1,0,3.4864864864864864,1.972972972972973,5,3.0327868852459017,15.49224634470536,56.86937225109956,86.35655089315625
77,4,8,2.625,24.25,8,1.0,820.375,2,1,0.125,2,0,0.0,8,8,1.0,0,0.0,8,1.0,0,8,1.0,0,0,0.0,13,8,7,0.875,1.625,0,0,0,0.0,0.0,0,0,0,0.0,0,0.0,21,0.47619047619047616,21,1.0,0,0.0,1.0,15,25.545454545454547,0.7142857142857143,2,0.09523809523809523,7,0.3333333333333333,12,0.5714285714285714,0,0.0,0,0.0,0,0.0,21,1.0,519.7619047619048,11.5,11.5,0,0.0,6,1.0,1.875,14,0.6666666666666666,20,0.9523809523809523,21,1.0,0,21,1.0,0,0,0.0,9,0.42857142857142855,2.5555555555555554,0,0.0,0,0.0,0,0.0,0,0.0,0,0.0,0,0.0,108567.22222222222,2710,374524,977105,4,3,0.875,0,0.5875,8.4625,8.4625,5.81875,1,1,1,8.81875,8.81875,3,3,2,2,10,7.0,9,0.47619047619047616,9.476190476190476,9.476190476190476,2.6666666666666665,1.9047619047619047,0,4.571428571428571,3.657142857142857,4.6875,5,9.6875,2.90625,0,0,0.0,5,3.888888888888889,8.88888888888889,8.88888888888889,2,1,0,1,0,1,0,0,5,2.5,2,2,1,0,1,0,1,0,0,9,16,0.5875,0,4,3,0.875,5.81875,3,3,2,0.47619047619047616,9,0,4.6875,5,0,41.444940476190474,1,1,1,2.6666666666666665,1.9047619047619047,5,3.888888888888889,16.46031746031746,51.709722222222226,73.90525793650794
78,2,1092,3.348901098901099,39.11996336996337,1087,0.9954212454212454,281.78564857405706,33,619,0.5668498168498168,33,498,0.45604395604395603,62,549,0.5027472527472527,0,0.0,1092,1.0,0,1092,1.0,0,513,0.4697802197802198,3904,1320,1071,0.9807692307692307,3.5750915750915753,635,16,551,0.5045787545787546,0.5815018315018315,9,0.8888888888888888,695,0.6364468864468864,694,0.6355311355311355,3657,0.051955154498222585,3307,0.9042931364506426,350,0.0957068635493574,1.0,2814,55.74038461538461,0.7694831829368335,433,0.11840306261963358,1002,0.27399507793273176,2140,0.5851791085589281,48,0.013125512715340444,0,0.0,34,0.009297238173366147,2024,0.5534591194968553,196.90711462450594,63.45494505494506,63.45494505494506,0,0.0,45,0.905386929176921,1.8537735849056605,1997,0.5460760185944763,3108,0.8498769483182936,3657,1.0,0,920,0.25157232704402516,0,139,0.03800929723817337,1465,0.4006015859994531,19.761806981519506,37,0.025255972696245733,164,0.11194539249146758,306,0.20887372013651878,3444,0,6340,0,7660,0,207685.7882585752,5,18548054,314851655,4,2.9862637362637363,0.9807692307692307,0,0.3793956043956044,8.346428571428572,8.346428571428572,6.249358974358974,0.9186813186813186,0.6395604395604395,0.3274725274725275,8.135073260073261,8.135073260073261,3,3,2,1.205128205128205,9.205128205128204,6.443589743589743,8.138638228055784,0.051955154498222585,8.190593382554006,8.190593382554006,2.184304074377905,1.6997538966365873,2.542124542124542,6.426182513139034,5.140946010511228,3.582875457875458,3.85989010989011,7.4427655677655675,2.23282967032967,10,10,3.0,4.996704021094265,3.3157547791694135,8.312458800263679,8.312458800263679,2,1,0,1,2,1,0.5,0,7.5,3.75,2,2,1,0,1,2,1,0.5,0,8.138638228055784,17.638638228055783,0.3793956043956044,0,4,2.9862637362637363,0.9807692307692307,6.249358974358974,3,3,1.205128205128205,0.051955154498222585,8.138638228055784,2.542124542124542,3.582875457875458,3.85989010989011,10,49.976399243359864,0.9186813186813186,0.6395604395604395,0.3274725274725275,2.184304074377905,1.6997538966365873,4.996704021094265,3.3157547791694135,14.082231056992457,53.551919438750154,81.6972685284081
79,2,11292,1.3599893730074388,47.169677647892314,11219,0.9935352461919943,248.33790890453696,5,7220,0.6393907190931633,5,11165,0.988753099539497,128,4072,0.3606092809068367,0,0.0,11292,1.0,0,11292,1.0,0,728,0.06447042153737159,83212,1189,11210,0.9927382217499114,7.369110874955721,11638,13,11220,0.9936238044633369,1.03064116188452,8,1.0,11220,0.9936238044633369,11220,0.9936238044633369,15357,0.005534935208699616,15301,0.9963534544507391,56,0.0036465455492609234,0.8607149833951944,6729,109.83505154639175,0.43817151787458486,3213,0.20922055088884547,2007,0.13068958781011916,10100,0.6576805365631309,12,0.0007814026176987692,0,0.0,25,0.0016279221202057693,0,0.0,0,35.028147231673366,35.028147231673366,0,0.0,21,0.9963534544507391,1.3397424432123055,5329,0.3470078791430618,11123,0.7242951097219509,15357,1.0,0,96,0.006251220941590154,0,0,0.0,5243,0.34140782704955397,21.599465954606142,400,0.07629219912263971,3064,0.5843982452794202,2750,0.524508868968148,5755,0.05081857195839146,45965,0.40588630061988945,19296,0.17039012415449553,215261.0076117983,78,15594038,1131196595,4,2.980605738575983,0.9927382217499114,0,0.3093074743181013,8.282651434643997,8.282651434643997,6.6168039319872465,0.8762759047324467,0.05227343025054129,0.14939684503557069,7.6947501120058055,7.6947501120058055,3,3,2,1.9994686503719448,9.999468650371945,6.999628055260361,8.967181090056652,0.005534935208699616,8.97271602526535,8.97271602526535,1.3880315165722472,1.4485902194439018,3.9744952178533475,6.8111169538694964,5.448893563095598,3.4015232022670916,2.5281172511512575,5.929640453418349,1.7788921360255048,10,10,3.0,4.961955487920868,1.9117367319764125,6.87369221989728,6.87369221989728,0,1,0,1,2,0,0,0,4,2.0,2,0,1,0,1,2,0,0,0,8.967181090056652,14.967181090056652,0.3093074743181013,0,4,2.980605738575983,0.9927382217499114,6.6168039319872465,3,3,1.9994686503719448,0.005534935208699616,8.967181090056652,3.9744952178533475,3.4015232022670916,2.5281172511512575,10,51.77577571354024,0.8762759047324467,0.05227343025054129,0.14939684503557069,1.3880315165722472,1.4485902194439018,4.961955487920868,1.9117367319764125,10.788260135931989,51.05122354619389,77.53121693952889
80,4,108,5.018518518518518,40.93518518518518,108,1.0,1018.175925925926,2,38,0.35185185185185186,2,0,0.0,108,108,1.0,0,0.0,108,1.0,0,108,1.0,0,107,0.9907407407407407,111,13,107,0.9907407407407407,1.0277777777777777,106,17,106,0.9814814814814815,0.9814814814814815,5,1.0,91,0.8425925925925926,91,0.8425925925925926,542,0.11992619926199262,505,0.9317343173431735,37,0.06826568265682657,1.0,520,43.274193548387096,0.959409594095941,80,0.14760147601476015,37,0.06826568265682657,423,0.7804428044280443,0,0.0,0,0.0,2,0.0036900369003690036,236,0.4354243542435424,422.635593220339,39.1125,39.1125,0,0.0,12,0.9317343173431735,1.7924528301886793,153,0.2822878228782288,432,0.7970479704797048,542,1.0,0,542,1.0,0,254,0.46863468634686345,117,0.2158671586715867,26.743589743589745,2,0.017094017094017096,69,0.5897435897435898,71,0.6068376068376068,101,0.032278683285394696,1237,0.39533397251518054,546,0.174496644295302,591923.6440677966,333,14754413,69846990,4,3,0.9907407407407407,0,0.5648148148148148,8.555555555555555,8.555555555555555,6.2837962962962965,0.975,0.1375,0.1125,7.508796296296296,7.508796296296296,3,3,2,0.7777777777777778,8.777777777777779,6.144444444444445,8.385608856088561,0.11992619926199262,8.505535055350554,8.505535055350554,1.1291512915129152,1.5940959409594095,3.3703703703703702,6.093617602842695,4.874894082274157,4.12037037037037,5,9.12037037037037,2.736111111111111,0,0,0.0,5,1.5546218487394958,6.554621848739496,6.554621848739496,2,1,0,1,0,1,0,0,5,2.5,2,2,1,0,1,0,1,0,0,8.385608856088561,15.385608856088561,0.5648148148148148,0,4,3,0.9907407407407407,6.2837962962962965,3,3,0.7777777777777778,0.11992619926199262,8.385608856088561,3.3703703703703702,4.12037037037037,5,0,42.61340542572093,0.975,0.1375,0.1125,1.1291512915129152,1.5940959409594095,5,1.5546218487394958,10.50286908121182,47.37995839377162,68.5018833630213
81,2,12,2.1666666666666665,48.666666666666664,12,1.0,141.91666666666666,3,6,0.5,3,1,0.08333333333333333,0,0,0.0,0,0.0,12,1.0,0,12,1.0,0,10,0.8333333333333334,58,35,11,0.9166666666666666,4.833333333333333,0,0,0,0.0,0.0,2,0.5,12,1.0,10,0.8333333333333334,26,1.0,26,1.0,0,0.0,1.0,20,32.06666666666667,0.7692307692307693,9,0.34615384615384615,11,0.4230769230769231,5,0.19230769230769232,1,0.038461538461538464,0,0.0,0,0.0,23,0.8846153846153846,52.08695652173913,343.55555555555554,343.55555555555554,0,0.0,5,1.0,1.8333333333333333,21,0.8076923076923077,15,0.5769230769230769,26,1.0,0,3,0.11538461538461539,0,0,0.0,20,0.7692307692307693,154.6,0,0.0,4,0.2,3,0.15,0,0.0,28,0.009055627425614488,3000,0.9702457956015524,62527.23809523809,505,632832,1313072,4,3,0.9166666666666666,0,0.3416666666666667,8.258333333333333,8.258333333333333,6.2125,1,0.5555555555555556,0.6666666666666666,8.434722222222222,8.434722222222222,3,3,2,0,8,5.6,9,1,10,10,3.230769230769231,1.1538461538461537,3.3333333333333335,7.717948717948719,6.1743589743589755,3.75,4.791666666666667,8.541666666666668,2.5625000000000004,10,10,3.0,5,2.619047619047619,7.619047619047619,7.619047619047619,2,1,0,1,2,1,0.5,0.5,8.0,4.0,2,2,1,0,1,2,1,0.5,0.5,9,19.0,0.3416666666666667,0,4,3,0.9166666666666666,6.2125,3,3,0,1,9,3.3333333333333335,3.75,4.791666666666667,10,52.34583333333333,1,0.5555555555555556,0.6666666666666666,3.230769230769231,1.1538461538461537,5,2.619047619047619,14.225885225885225,55.64896214896215,85.57171855921855
87,3,77,5.9480519480519485,18.90909090909091,77,1.0,148.01298701298703,2,57,0.7402597402597403,2,57,0.7402597402597403,77,77,1.0,77,1.0,77,1.0,0,77,1.0,0,49,0.6363636363636364,446,114,77,1.0,5.792207792207792,0,0,0,0.0,0.0,0,0,0,0.0,0,0.0,458,0.8318777292576419,458,1.0,0,0.0,1.0,6,10,0.013100436681222707,0,0.0,0,0.0,304,0.6637554585152838,0,0.0,0,0.0,154,0.33624454148471616,0,0.0,0,0,0,6,1.0,6,1.0,5.9480519480519485,229,0.5,381,0.8318777292576419,458,1.0,0,458,1.0,0,290,0.6331877729257642,0,0.0,0,0,0,0,0,0,0,0,0,0,0,0,0,0,0,0,0,4,3,1,1,0.45194805194805193,9.451948051948053,9.451948051948053,6.3,0,0,0,6.3,6.3,3,3,2,0.8571428571428571,8.857142857142858,6.2,9,0.8318777292576419,9.831877729257641,9.831877729257641,2,1.6637554585152838,0,3.6637554585152836,2.931004366812227,3.1493506493506493,3.1493506493506493,6.298701298701299,1.8896103896103895,0,0,0.0,5,0,5,5,2,1,2,1,2,1,0,0,9,4.5,2,2,1,2,1,2,1,0,0,9,20,0.45194805194805193,1,4,3,1,6.3,3,3,0.8571428571428571,0.8318777292576419,9,0,3.1493506493506493,3.1493506493506493,0,38.739669937049854,0,0,0,2,1.6637554585152838,5,0,8.663755458515283,46.10444053762831,67.40342539556514
192,2,54,1.2407407407407407,39.666666666666664,54,1.0,186.07407407407408,8,4,0.07407407407407407,8,7,0.12962962962962962,15,51,0.9444444444444444,0,0.0,54,1.0,0,54,1.0,0,51,0.9444444444444444,870,281,54,1.0,16.11111111111111,0,0,0,0.0,0.0,8,0.875,54,1.0,53,0.9814814814814815,67,0.07462686567164178,65,0.9701492537313433,2,0.029850746268656716,1.0,28,29.318181818181817,0.417910447761194,3,0.04477611940298507,4,0.05970149253731343,58,0.8656716417910447,0,0.0,0,0.0,2,0.029850746268656716,59,0.8805970149253731,106.8135593220339,365.3333333333333,365.3333333333333,0,0.0,9,0.9701492537313433,1.2307692307692308,13,0.19402985074626866,61,0.9104477611940298,67,1.0,0,0,0.0,0,0,0.0,7,0.1044776119402985,156.57142857142858,2,0.2857142857142857,1,0.14285714285714285,0,0.0,1091,0.9954379562043796,1,0.0009124087591240876,0,0.0,2354486.5555555555,148,19986292,21190379,4,3,1,0,0.5648148148148148,8.564814814814815,8.564814814814815,6.3,0.3333333333333333,0.6666666666666666,1,8.3,8.3,3,3,2,2,10,7.0,8.73134328358209,0.07462686567164178,8.805970149253731,8.805970149253731,0.7761194029850746,1.8208955223880596,3.925925925925926,6.52294085129906,5.218352681039248,4.814814814814815,4.675925925925926,9.49074074074074,2.847222222222222,10,10,3.0,5,2.2222222222222223,7.222222222222222,7.222222222222222,0,1,0,1,2,1,0.5,0.5,6.0,3.0,2,0,1,0,1,2,1,0.5,0.5,8.73134328358209,16.731343283582092,0.5648148148148148,0,4,3,1,6.3,3,3,2,0.07462686567164178,8.73134328358209,3.925925925925926,4.814814814814815,4.675925925925926,10,55.08745163073521,0.3333333333333333,0.6666666666666666,1,0.7761194029850746,1.8208955223880596,5,2.2222222222222223,11.819237147595356,53.95858208955224,83.63803206191265
198,4,91,6.637362637362638,35.472527472527474,91,1.0,1120.3186813186812,13,11,0.12087912087912088,13,0,0.0,91,91,1.0,0,0.0,91,1.0,0,91,1.0,0,70,0.7692307692307693,196,14,90,0.989010989010989,2.1538461538461537,91,5,91,1.0,1.0,5,1.0,91,1.0,91,1.0,604,0.17549668874172186,593,0.9817880794701986,11,0.018211920529801324,1.0,563,56.888888888888886,0.9321192052980133,36,0.059602649006622516,102,0.16887417218543047,466,0.7715231788079471,0,0.0,0,0.0,0,0.0,529,0.8758278145695364,465.0982986767486,34.416666666666664,34.416666666666664,0,0.0,9,0.9817880794701986,3.5824175824175826,202,0.3344370860927152,517,0.8559602649006622,604,1.0,0,604,1.0,0,281,0.4652317880794702,138,0.22847682119205298,8.978260869565217,1,0.007246376811594203,26,0.18840579710144928,28,0.2028985507246377,30,0.024213075060532687,167,0.13478611783696529,576,0.4648910411622276,3349627.9855072466,247,115751976,462248662,4,3,0.989010989010989,0,0.5879120879120879,8.576923076923077,8.576923076923077,6.288461538461538,0.9722222222222222,0.2777777777777778,0.2222222222222222,7.760683760683761,7.760683760683761,3,3,2,0.46153846153846156,8.461538461538462,5.9230769230769225,8.836092715231787,0.17549668874172186,9.01158940397351,9.01158940397351,1.3377483443708609,1.7119205298013245,4,7.049668874172186,5.639735099337749,4.697802197802198,5,9.697802197802197,2.909340659340659,0,0,0.0,5,3.6956521739130435,8.695652173913043,8.695652173913043,2,1,2,1,2,0,0,0,8,4.0,2,2,1,2,1,2,0,0,0,8.836092715231787,18.836092715231786,0.5879120879120879,0,4,3,0.989010989010989,6.288461538461538,3,3,0.46153846153846156,0.17549668874172186,8.836092715231787,4,4.697802197802198,5,0,44.03631467869878,0.9722222222222222,0.2777777777777778,0.2222222222222222,1.3377483443708609,1.7119205298013245,5,3.6956521739130435,13.217543270307452,52.51700109724872,76.08995066423802
199,2,949,2.0937829293993677,43.558482613277135,946,0.9968387776606955,214.97568710359408,33,199,0.20969441517386722,33,198,0.20864067439409906,124,661,0.6965226554267651,0,0.0,949,1.0,0,949,1.0,0,520,0.547945205479452,2838,662,926,0.9757639620653319,2.9905163329820863,790,12,659,0.6944151738672286,0.8324552160168599,6,0.8333333333333334,947,0.9978925184404637,943,0.9936775553213909,1987,0.6205334675390035,1935,0.9738298943130347,52,0.026170105686965275,1.0,1367,50.774193548387096,0.6879718168092602,472,0.23754403623553094,625,0.3145445395067942,811,0.4081529944640161,53,0.026673376950176145,0,0.0,26,0.013085052843482638,1620,0.8152994464016105,231.20802469135802,57.81159420289855,57.81159420289855,0,0.0,39,0.9758429793658782,1.3899033297529537,1328,0.6683442375440363,1753,0.8822345244086562,1987,1.0,0,1065,0.5359838953195772,0,156,0.07851031706089583,1122,0.5646703573225968,24.975849731663686,21,0.01871657754010695,171,0.15240641711229946,362,0.3226381461675579,4029,0,4921,0,7672,0,196992.12765957447,4,31462855,231465750,4,2.9905163329820863,0.9757639620653319,0,0.47723919915700735,8.443519494204425,8.443519494204425,6.513171759747102,0.9565217391304348,0.6459627329192547,0.2505175983436853,8.366173830140477,8.366173830140477,3,3,2,0.2297154899894626,8.229715489989463,5.760800842992624,8.764469048817313,0.6205334675390035,9.385002516356316,9.385002516356316,2.673376950176145,1.7644690488173125,3.9747102212855636,8.412556220279022,6.730044976223218,4.475763962065332,4.478398314014752,8.954162276080083,2.686248682824025,10,10,3.0,4.991496598639456,2.699829931972789,7.691326530612245,7.691326530612245,2,1,0,1,2,0,0.5,0,6.5,3.25,2,2,1,0,1,2,0,0.5,0,8.764469048817313,17.26446904881731,0.47723919915700735,0,4,2.9905163329820863,0.9757639620653319,6.513171759747102,3,3,0.2297154899894626,0.6205334675390035,8.764469048817313,3.9747102212855636,4.475763962065332,4.478398314014752,10,53.500281757662954,0.9565217391304348,0.6459627329192547,0.2505175983436853,2.673376950176145,1.7644690488173125,4.991496598639456,2.699829931972789,13.982174599999077,55.31311687335332,84.74692540647933
201,2,225,9.857777777777779,20.715555555555557,225,1.0,389.79555555555555,14,0,0.0,14,0,0.0,0,0,0.0,0,0.0,225,1.0,0,225,1.0,0,221,0.9822222222222222,1806,353,225,1.0,8.026666666666667,390,15,225,1.0,1.7333333333333334,3,1.0,225,1.0,225,1.0,2218,0.0,2218,1.0,0,0.0,1.0,435,35.70909090909091,0.19612263300270513,74,0.033363390441839495,712,0.32100991884580704,1431,0.6451758340847611,1,0.0004508566275924256,0,0.0,0,0.0,1053,0.47475202885482415,549.3219373219373,197.5,197.5,2,1.0,10,1.0,5.795555555555556,1708,0.7700631199278629,1429,0.6442741208295762,2218,1.0,0,2218,1.0,0,1615,0.7281334535617674,786,0.35437330928764654,18.5941475826972,64,0.08142493638676845,0,0.0,1,0.001272264631043257,14069,0.962641122134793,0,0.0,13,0.0008894970920287375,2094301.6191082802,771,344230007,1644026771,4,3,1,0,0.4,8.4,8.4,6.65,0.13513513513513514,1,0.9864864864864865,8.771621621621621,8.771621621621621,3,3,2,0.12444444444444444,8.124444444444444,5.68711111111111,9,0,9,9,3.0802524797114517,1.2885482416591525,4,8.368800721370604,6.695040577096484,5,5,10,3.0,10,10,3.0,4.993646759847522,4.523506988564168,9.51715374841169,9.51715374841169,2,1,2,1,2,1,0.5,0,9.5,4.75,2,2,1,2,1,2,1,0.5,0,9,20.5,0.4,0,4,3,1,6.65,3,3,0.12444444444444444,0,9,4,5,5,10,54.17444444444445,0.13513513513513514,1,0.9864864864864865,3.0802524797114517,1.2885482416591525,4.993646759847522,4.523506988564168,16.007576091403916,58.82092705824091,90.68202053584837
204,2,166,1.4096385542168675,45.77710843373494,164,0.9879518072289156,376.969512195122,7,128,0.7710843373493976,7,5,0.030120481927710843,8,72,0.43373493975903615,0,0.0,166,1.0,0,166,1.0,0,143,0.8614457831325302,287,63,162,0.9759036144578314,1.7289156626506024,149,12,138,0.8313253012048193,0.8975903614457831,1,1.0,166,1.0,166,1.0,234,0.9829059829059829,234,1.0,0,0.0,1.0,230,40,0.9829059829059829,7,0.029914529914529916,220,0.9401709401709402,6,0.02564102564102564,1,0.004273504273504274,0,0.0,0,0.0,188,0.8034188034188035,393.3829787234043,412.7142857142857,412.7142857142857,0,0.0,6,1.0,1.0240963855421688,233,0.9957264957264957,234,1.0,234,1.0,0,220,0.9401709401709402,0,119,0.5085470085470085,227,0.9700854700854701,12.726872246696034,0,0.0,0,0.0,3,0.013215859030837005,0,0.0,0,0.0,62,0.021460713049498096,314099.15789473685,401,3517866,71614608,4,2.963855421686747,0.9759036144578314,0,0.4066265060240964,8.346385542168674,8.346385542168674,6.548795180722891,1,1,0.5714285714285714,9.120223752151462,9.120223752151462,3,3,2,0.21686746987951808,8.216867469879517,5.751807228915662,9,0.9829059829059829,9.982905982905983,9.982905982905983,3.982905982905983,2,4,9.982905982905983,7.986324786324786,3.072289156626506,4.924698795180723,7.996987951807229,2.3990963855421685,10,10,3.0,5,4.824561403508772,9.824561403508772,9.824561403508772,0,1,0,1,0,0,0.5,0,2.5,1.25,2,0,1,0,1,0,0,0.5,0,9,13.5,0.4066265060240964,0,4,2.963855421686747,0.9759036144578314,6.548795180722891,3,3,0.21686746987951808,0.9829059829059829,9,4,3.072289156626506,4.924698795180723,10,53.091942127484295,1,1,0.5714285714285714,3.982905982905983,2,5,4.824561403508772,18.378895957843326,57.661305081517504,84.97083808532761
